Workbook
Name TabelaNós: Tabela1[]

Sheet Nós
A1: Nós | B1: ID | C1: Latitude (graus) | D1: Longetude (graus) | E1: Latitude (radianos) | F1: Longetude (radianos)
A2: Águas do Imperador | B2: 1 | C2: -22.512656 | D2: -43.172378 | E2: =Tabela1[[#This Row],[Latitude (graus)]]* PI()/180 -> -0.39291997 | F2: =Tabela1[[#This Row],[Longetude (graus)]]* PI()/180 -> -0.75350014
A3: Antigo Fórum | B3: 2 | C3: -22.511303 | D3: -43.177812 | E3: =Tabela1[[#This Row],[Latitude (graus)]]* PI()/180 -> -0.39289636 | F3: =Tabela1[[#This Row],[Longetude (graus)]]* PI()/180 -> -0.75359498
A4: Avenida Barão do Rio Branco | B4: 3 | C4: -22.503756 | D4: -43.182095 | E4: =Tabela1[[#This Row],[Latitude (graus)]]* PI()/180 -> -0.39276463 | F4: =Tabela1[[#This Row],[Longetude (graus)]]* PI()/180 -> -0.75366974
A5: Avenida Ipiranga | B5: 4 | C5: -22.504871 | D5: -43.178236 | E5: =Tabela1[[#This Row],[Latitude (graus)]]* PI()/180 -> -0.39278409 | F5: =Tabela1[[#This Row],[Longetude (graus)]]* PI()/180 -> -0.75360238
A6: Avenida Koeler | B6: 5 | C6: -22.506171 | D6: -43.179829 | E6: =Tabela1[[#This Row],[Latitude (graus)]]* PI()/180 -> -0.39280679 | F6: =Tabela1[[#This Row],[Longetude (graus)]]* PI()/180 -> -0.75363018
A7: Avenida Piabanha | B7: 6 | C7: -22.503882 | D7: -43.188999 | E7: =Tabela1[[#This Row],[Latitude (graus)]]* PI()/180 -> -0.39276683 | F7: =Tabela1[[#This Row],[Longetude (graus)]]* PI()/180 -> -0.75379024
A8: Avenida Portugal | B8: 7 | C8: -22.518526 | D8: -43.191268 | E8: =Tabela1[[#This Row],[Latitude (graus)]]* PI()/180 -> -0.39302242 | F8: =Tabela1[[#This Row],[Longetude (graus)]]* PI()/180 -> -0.75382984
A9: Avenida Tiradentes | B9: 8 | C9: -22.506392 | D9: -43.177412 | E9: =Tabela1[[#This Row],[Latitude (graus)]]* PI()/180 -> -0.39281064 | F9: =Tabela1[[#This Row],[Longetude (graus)]]* PI()/180 -> -0.753588
A10: Bairro Bingen | B10: 9 | C10: -22.511719 | D10: -43.214657 | E10: =Tabela1[[#This Row],[Latitude (graus)]]* PI()/180 -> -0.39290362 | F10: =Tabela1[[#This Row],[Longetude (graus)]]* PI()/180 -> -0.75423806
A11: Bairro Capela | B11: 10 | C11: -22.517577 | D11: -43.226416 | E11: =Tabela1[[#This Row],[Latitude (graus)]]* PI()/180 -> -0.39300586 | F11: =Tabela1[[#This Row],[Longetude (graus)]]* PI()/180 -> -0.75444328
A12: Bairro Castelânea | B12: 11 | C12: -22.53216 | D12: -43.19391 | E12: =Tabela1[[#This Row],[Latitude (graus)]]* PI()/180 -> -0.39326038 | F12: =Tabela1[[#This Row],[Longetude (graus)]]* PI()/180 -> -0.75387595
A13: Bairro Moinho Preto | B13: 12 | C13: -22.486984 | D13: -43.215714 | E13: =Tabela1[[#This Row],[Latitude (graus)]]* PI()/180 -> -0.3924719 | F13: =Tabela1[[#This Row],[Longetude (graus)]]* PI()/180 -> -0.7542565
... A108: Volkswagen | B108: 107 | C108: -22.528721 | D108: -43.196169 | E108: =Tabela1[[#This Row],[Latitude (graus)]]* PI()/180 -> -0.39320036 | F108: =Tabela1[[#This Row],[Longetude (graus)]]* PI()/180 -> -0.75391537

Sheet Vértices
A2: Origem | B2: Destino | C2: Distância (m) | D2: Tem rio? | E2: Quando alaga? | F2: Permitido Caminhão? | G2: Largura da via | H2: Fluxo | I2: Tipo | J2: Comunidade?
A3: Águas do Imperador | B3: Rua Visconde do Bom Retiro | C3: =2*Dados!$B$2*ASIN(SQRT((SIN((VLOOKUP(Tabela2[[#This Row],[Origem]],Tabela1[],4,FALSE)-VLOOKUP(Tabela2[[#This Row],[Destino]],Tabela1[],4,FALSE))/2)^2+COS(VLOOKUP(Tabela2[[#This Row],[Origem]],Tabela1[],4,FALSE))*COS(VLOOKUP(Tabela2[[#This Row],[Destino]],Tabela1[],4,FALSE))*(SIN((VLOOKUP(Tabela2[[#This Row],[Origem]],Tabela1[],5,FALSE)-VLOOKUP(Tabela2[[#This Row],[Destino]],Tabela1[],5,FALSE))/2)^2)))) -> 598.3598 | D3: Sim | E3: Chuva extrema | F3: Sim | G3: Intermediária | H3: Alto | I3: Arterial | J3: Não
A4: Águas do Imperador | B4: Rua Caldas Viana | C4: =2*Dados!$B$2*ASIN(SQRT((SIN((VLOOKUP(Tabela2[[#This Row],[Origem]],Tabela1[],4,FALSE)-VLOOKUP(Tabela2[[#This Row],[Destino]],Tabela1[],4,FALSE))/2)^2+COS(VLOOKUP(Tabela2[[#This Row],[Origem]],Tabela1[],4,FALSE))*COS(VLOOKUP(Tabela2[[#This Row],[Destino]],Tabela1[],4,FALSE))*(SIN((VLOOKUP(Tabela2[[#This Row],[Origem]],Tabela1[],5,FALSE)-VLOOKUP(Tabela2[[#This Row],[Destino]],Tabela1[],5,FALSE))/2)^2)))) -> 19705.307 | D4: Sim | E4: Chuva forte | F4: Sim | G4: Intermediária | H4: Médio | I4: Arterial | J4: Não
A5: Antigo Fórum | B5: Tribuna de Petrópolis | C5: =2*Dados!$B$2*ASIN(SQRT((SIN((VLOOKUP(Tabela2[[#This Row],[Origem]],Tabela1[],4,FALSE)-VLOOKUP(Tabela2[[#This Row],[Destino]],Tabela1[],4,FALSE))/2)^2+COS(VLOOKUP(Tabela2[[#This Row],[Origem]],Tabela1[],4,FALSE))*COS(VLOOKUP(Tabela2[[#This Row],[Destino]],Tabela1[],4,FALSE))*(SIN((VLOOKUP(Tabela2[[#This Row],[Origem]],Tabela1[],5,FALSE)-VLOOKUP(Tabela2[[#This Row],[Destino]],Tabela1[],5,FALSE))/2)^2)))) -> 1640.4942 | D5: Sim | E5: Chuva forte | F5: Sim | G5: Intermediária | H5: Muito alto | I5: Arterial | J5: Não
A6: Antigo Fórum | B6: Mercado PetroFrutas | C6: =2*Dados!$B$2*ASIN(SQRT((SIN((VLOOKUP(Tabela2[[#This Row],[Origem]],Tabela1[],4,FALSE)-VLOOKUP(Tabela2[[#This Row],[Destino]],Tabela1[],4,FALSE))/2)^2+COS(VLOOKUP(Tabela2[[#This Row],[Origem]],Tabela1[],4,FALSE))*COS(VLOOKUP(Tabela2[[#This Row],[Destino]],Tabela1[],4,FALSE))*(SIN((VLOOKUP(Tabela2[[#This Row],[Origem]],Tabela1[],5,FALSE)-VLOOKUP(Tabela2[[#This Row],[Destino]],Tabela1[],5,FALSE))/2)^2)))) -> 1110.7613 | D6: Sim | E6: Chuva forte | F6: Sim | G6: Intermediária | H6: Muito alto | I6: Arterial | J6: Não
A7: Avenida Barão do Rio Branco | B7: Rua 13 de Maio | C7: =2*Dados!$B$2*ASIN(SQRT((SIN((VLOOKUP(Tabela2[[#This Row],[Origem]],Tabela1[],4,FALSE)-VLOOKUP(Tabela2[[#This Row],[Destino]],Tabela1[],4,FALSE))/2)^2+COS(VLOOKUP(Tabela2[[#This Row],[Origem]],Tabela1[],4,FALSE))*COS(VLOOKUP(Tabela2[[#This Row],[Destino]],Tabela1[],4,FALSE))*(SIN((VLOOKUP(Tabela2[[#This Row],[Origem]],Tabela1[],5,FALSE)-VLOOKUP(Tabela2[[#This Row],[Destino]],Tabela1[],5,FALSE))/2)^2)))) -> 12083.426 | D7: Não | E7: Sem chuva | F7: Sim | G7: Estreita | H7: Alto | I7: Coletora | J7: Não
A8: Avenida Barão do Rio Branco | B8: Casa Barão de Mauá | C8: =2*Dados!$B$2*ASIN(SQRT((SIN((VLOOKUP(Tabela2[[#This Row],[Origem]],Tabela1[],4,FALSE)-VLOOKUP(Tabela2[[#This Row],[Destino]],Tabela1[],4,FALSE))/2)^2+COS(VLOOKUP(Tabela2[[#This Row],[Origem]],Tabela1[],4,FALSE))*COS(VLOOKUP(Tabela2[[#This Row],[Destino]],Tabela1[],4,FALSE))*(SIN((VLOOKUP(Tabela2[[#This Row],[Origem]],Tabela1[],5,FALSE)-VLOOKUP(Tabela2[[#This Row],[Destino]],Tabela1[],5,FALSE))/2)^2)))) -> 6971.4893 | D8: Sim | E8: Chuva extrema | F8: Sim | G8: Intermediária | H8: Muito alto | I8: Arterial | J8: Não
A9: Avenida Ipiranga | B9: Rua 13 de Maio | C9: =2*Dados!$B$2*ASIN(SQRT((SIN((VLOOKUP(Tabela2[[#This Row],[Origem]],Tabela1[],4,FALSE)-VLOOKUP(Tabela2[[#This Row],[Destino]],Tabela1[],4,FALSE))/2)^2+COS(VLOOKUP(Tabela2[[#This Row],[Origem]],Tabela1[],4,FALSE))*COS(VLOOKUP(Tabela2[[#This Row],[Destino]],Tabela1[],4,FALSE))*(SIN((VLOOKUP(Tabela2[[#This Row],[Origem]],Tabela1[],5,FALSE)-VLOOKUP(Tabela2[[#This Row],[Destino]],Tabela1[],5,FALSE))/2)^2)))) -> 12508.921 | D9: Não | E9: Sem chuva | F9: Sim | G9: Intermediária | H9: Muito alto | I9: Arterial | J9: Não
A10: Avenida Ipiranga | B10: Rua Alberto Torres | C10: =2*Dados!$B$2*ASIN(SQRT((SIN((VLOOKUP(Tabela2[[#This Row],[Origem]],Tabela1[],4,FALSE)-VLOOKUP(Tabela2[[#This Row],[Destino]],Tabela1[],4,FALSE))/2)^2+COS(VLOOKUP(Tabela2[[#This Row],[Origem]],Tabela1[],4,FALSE))*COS(VLOOKUP(Tabela2[[#This Row],[Destino]],Tabela1[],4,FALSE))*(SIN((VLOOKUP(Tabela2[[#This Row],[Origem]],Tabela1[],5,FALSE)-VLOOKUP(Tabela2[[#This Row],[Destino]],Tabela1[],5,FALSE))/2)^2)))) -> 53538.014 | D10: Não | E10: Sem chuva | F10: Sim | G10: Estreita | H10: Alto | I10: Coletora | J10: Não
A11: Avenida Koeler | B11: Rua da Imperatiz | C11: =2*Dados!$B$2*ASIN(SQRT((SIN((VLOOKUP(Tabela2[[#This Row],[Origem]],Tabela1[],4,FALSE)-VLOOKUP(Tabela2[[#This Row],[Destino]],Tabela1[],4,FALSE))/2)^2+COS(VLOOKUP(Tabela2[[#This Row],[Origem]],Tabela1[],4,FALSE))*COS(VLOOKUP(Tabela2[[#This Row],[Destino]],Tabela1[],4,FALSE))*(SIN((VLOOKUP(Tabela2[[#This Row],[Origem]],Tabela1[],5,FALSE)-VLOOKUP(Tabela2[[#This Row],[Destino]],Tabela1[],5,FALSE))/2)^2)))) -> 1331.3165 | D11: Sim | E11: Chuva extrema | F11: Sim | G11: Intermediária | H11: Médio | I11: Residencial | J11: Não
A12: Avenida Koeler | B12: Restaurante Marowill | C12: =2*Dados!$B$2*ASIN(SQRT((SIN((VLOOKUP(Tabela2[[#This Row],[Origem]],Tabela1[],4,FALSE)-VLOOKUP(Tabela2[[#This Row],[Destino]],Tabela1[],4,FALSE))/2)^2+COS(VLOOKUP(Tabela2[[#This Row],[Origem]],Tabela1[],4,FALSE))*COS(VLOOKUP(Tabela2[[#This Row],[Destino]],Tabela1[],4,FALSE))*(SIN((VLOOKUP(Tabela2[[#This Row],[Origem]],Tabela1[],5,FALSE)-VLOOKUP(Tabela2[[#This Row],[Destino]],Tabela1[],5,FALSE))/2)^2)))) -> 16730.877 | D12: Sim | E12: Chuva extrema | F12: Sim | G12: Intermediária | H12: Muito alto | I12: Arterial | J12: Não
A13: Avenida Piabanha | B13: Bairro Mosela | C13: =2*Dados!$B$2*ASIN(SQRT((SIN((VLOOKUP(Tabela2[[#This Row],[Origem]],Tabela1[],4,FALSE)-VLOOKUP(Tabela2[[#This Row],[Destino]],Tabela1[],4,FALSE))/2)^2+COS(VLOOKUP(Tabela2[[#This Row],[Origem]],Tabela1[],4,FALSE))*COS(VLOOKUP(Tabela2[[#This Row],[Destino]],Tabela1[],4,FALSE))*(SIN((VLOOKUP(Tabela2[[#This Row],[Origem]],Tabela1[],5,FALSE)-VLOOKUP(Tabela2[[#This Row],[Destino]],Tabela1[],5,FALSE))/2)^2)))) -> 10458.089 | D13: Sim | E13: Chuva extrema | F13: Sim | G13: Intermediária | H13: Médio | I13: Coletora | J13: Não
A14: Avenida Portugal | B14: Rua Gonçalves Dias | C14: =2*Dados!$B$2*ASIN(SQRT((SIN((VLOOKUP(Tabela2[[#This Row],[Origem]],Tabela1[],4,FALSE)-VLOOKUP(Tabela2[[#This Row],[Destino]],Tabela1[],4,FALSE))/2)^2+COS(VLOOKUP(Tabela2[[#This Row],[Origem]],Tabela1[],4,FALSE))*COS(VLOOKUP(Tabela2[[#This Row],[Destino]],Tabela1[],4,FALSE))*(SIN((VLOOKUP(Tabela2[[#This Row],[Origem]],Tabela1[],5,FALSE)-VLOOKUP(Tabela2[[#This Row],[Destino]],Tabela1[],5,FALSE))/2)^2)))) -> 1290.2361 | D14: Não | E14: Sem chuva | F14: Sim | G14: Estreita | H14: Médio | I14: Coletora | J14: Não
... A218: Volkswagen | B218: Duas Pontes | C218: =2*Dados!$B$2*ASIN(SQRT((SIN((VLOOKUP(Tabela2[[#This Row],[Origem]],Tabela1[],4,FALSE)-VLOOKUP(Tabela2[[#This Row],[Destino]],Tabela1[],4,FALSE))/2)^2+COS(VLOOKUP(Tabela2[[#This Row],[Origem]],Tabela1[],4,FALSE))*COS(VLOOKUP(Tabela2[[#This Row],[Destino]],Tabela1[],4,FALSE))*(SIN((VLOOKUP(Tabela2[[#This Row],[Origem]],Tabela1[],5,FALSE)-VLOOKUP(Tabela2[[#This Row],[Destino]],Tabela1[],5,FALSE))/2)^2)))) -> 49286.85 | D218: Sim | E218: Chuva forte | F218: Sim | G218: Estreita | H218: Muito alto | I218: Arterial | J218: Não

Sheet Dados
A1: Constantes | B1: Valor | D1: Nome | E1: O que faz? | F1: Fórmula | H1: Classificação | I1: Fator Chuva | J1: Peso | L1: Fator horário | M1: Início | N1: Término | O1: Classificação | P1: Peso
A2: Raio da Terra (m) | B2: 6371008.8 | D2: Fórmula de Haversine | E2: Calcula a distância entre dois pontos na superfície da Terra | F2: d=2r⋅arcsin(sin2(2Δϕ​)+cos(ϕ1​)cos(ϕ2​)sin2(2Δλ​)​) | H2: Sem chuva | I2: 0 | J2: 1 | L2: 1 | M2: 0 | N2: 0.24930556 | O2: Madrugada | P2: 0.9
D3: Fórmula do peso | F3: Peso = distância * (1*largura+2*hora+3*tipo+4*fluxo)/10 * (largura/10) * (tipo /10) * (fluxo/10) | H3: Garoa | I3: 1 | J3: 1.1 | L3: 2 | M3: 0.25 | N3: 0.37430556 | O3: Pico da manhã | P3: 1.8
H4: Chuva fraca | I4: 2 | J4: 1.2 | L4: 3 | M4: 0.375 | N4: 0.49930556 | O4: Manhã | P4: 1.2
H5: Chuva moderada | I5: 3 | J5: 1.3 | L5: 4 | M5: 0.5 | N5: 0.58263889 | O5: Almoço | P5: 1.4
H6: Chuva forte | I6: 4 | J6: 2 | L6: 5 | M6: 0.58333333 | N6: 0.70763889 | O6: Tarde | P6: 1.3
H7: Chuva muito forte | I7: 5 | J7: 2.5 | L7: 6 | M7: 0.70833333 | N7: 0.83263889 | O7: Pico da noite | P7: 2
H8: Chuva extrema | I8: 6 | J8: 3 | L8: 7 | M8: 0.83333333 | N8: 0.99930556 | O8: Noite | P8: 1
H10: Fator de Presença | I10: Classificação
H11: 0 | I11: Não
H12: 1 | I12: Sim
H14: Fator da via | I14: Classificação | J14: Peso
H15: 1 | I15: Estreita | J15: 1.5
H16: 2 | I16: Intermediária | J16: 1
H17: 3 | I17: Larga | J17: 0.5
H19: Fator de fluxo | I19: Classificação | J19: Peso
H20: 1 | I20: Muito baixo | J20: 0.5
H21: 2 | I21: Baixo | J21: 1
H22: 3 | I22: Médio | J22: 1.5
H23: 4 | I23: Alto | J23: 2
H24: 5 | I24: Muito alto | J24: 2.5
H26: Fator tipo da via | I26: Classificação | J26: Peso
H27: 1 | I27: Residencial | J27: 1
H28: 2 | I28: Coletora | J28: 1.5
H29: 3 | I29: Arterial | J29: 2
H30: 4 | I30: Rodovia | J30: 0.5
H32: Fator veículo | I32: Classificação
H33: 1 | I33: Automóvel
H34: 2 | I34: Caminhão

Sheet Pesos
B2: Tipo de veículo: | C2: Caminhão
B3: Clima: | C3: Chuva muito forte | D3: =VLOOKUP($C$3,Tabela5[],2,FALSE) -> 5
B4: Horário: | C4: 0.95833333 | D4: =IF(AND($C$4>=Dados!$M$2,Pesos!$C$4<=Dados!$N$2),Dados!$O$2,IF(AND($C$4>=Dados!$M$3,Pesos!$C$4<=Dados!$N$3),Dados!$O$3,IF(AND($C$4>=Dados!$M$4,Pesos!$C$4<=Dados!$N$4),Dados!$O$4,IF(AND($C$4>=Dados!$M$5,Pesos!$C$4<=Dados!$N$5),Dados!$O$5,IF(AND($C$4>=Dados!$M$6,Pesos!$C$4<=Dados!$N$6),Dados!$O$6,IF(AND($C$4>=Dados!$M$7,Pesos!$C$4<=Dados!$N$7),Dados!$O$7,Dados!$O$8)))))) -> Noite
B5: Classificação: | C5: =D4 -> Noite
D7: Origem | E7: Destino | F7: Distância (m) | G7: Vai poder passar? | H7: Via Alagada? | I7: Chuva | J7: Criminalidade | K7: Peso | L7: Final
D8: Águas do Imperador | E8: Rua Visconde do Bom Retiro | F8: =Vértices!C3 -> 598.3598 | G8: =IF($C$2="Caminhão",Vértices!F3,"Sim") -> Sim | H8: =IF(OR($C$3="Sem chuva",$I8=0), "Não",IF($D$3>=Tabela12[[#This Row],[Chuva]],"Sim","Não")) -> Não | I8: =VLOOKUP(Vértices!E3,Tabela5[],2,) -> 6 | J8: =IF(AND(Vértices!$J3="Sim",OR(Pesos!$D$4="Madrugada",Pesos!$D$4="Noite")),"Via bloqueada", "Via liberada") -> Via liberada | K8: =Tabela12[[#This Row],[Distância (m)]]*((1*VLOOKUP(Vértices!$G3,Tabela7[[Classificação]:[Peso]],2,FALSE)+2*VLOOKUP(Vértices!I3,Tabela9[[Classificação]:[Peso]],2,FALSE)+3*VLOOKUP(Pesos!$C$5,Tabela11[[Classificação]:[Peso]],2,FALSE)+4*VLOOKUP(Vértices!H3,Tabela8[[Classificação]:[Peso]],2,FALSE)+5*VLOOKUP($D$3,Tabela5[[Fator Chuva]:[Peso]],2,FALSE))/15)*VLOOKUP(Vértices!G3,Tabela7[[Classificação]:[Peso]],2,FALSE)*VLOOKUP(Vértices!H3,Tabela8[[Classificação]:[Peso]],2,FALSE)*VLOOKUP(Vértices!I3,Tabela9[[Classificação]:[Peso]],2,FALSE) -> 4547.5345 | L8: =IF(OR(Tabela12[[#This Row],[Vai poder passar?]]="Não",Tabela12[[#This Row],[Via Alagada?]]="Sim",Tabela12[[#This Row],[Criminalidade]]="Via bloqueada"), "Ignorar rota", Tabela12[[#This Row],[Peso]]) -> 4547.5345
D9: Águas do Imperador | E9: Rua Caldas Viana | F9: =Vértices!C4 -> 19705.307 | G9: =IF($C$2="Caminhão",Vértices!F4,"Sim") -> Sim | H9: =IF(OR($C$3="Sem chuva",$I9=0), "Não",IF($D$3>=Tabela12[[#This Row],[Chuva]],"Sim","Não")) -> Sim | I9: =VLOOKUP(Vértices!E4,Tabela5[],2,) -> 4 | J9: =IF(AND(Vértices!$J4="Sim",OR(Pesos!$D$4="Madrugada",Pesos!$D$4="Noite")),"Via bloqueada", "Via liberada") -> Via liberada | K9: =Tabela12[[#This Row],[Distância (m)]]*((1*VLOOKUP(Vértices!$G4,Tabela7[[Classificação]:[Peso]],2,FALSE)+2*VLOOKUP(Vértices!I4,Tabela9[[Classificação]:[Peso]],2,FALSE)+3*VLOOKUP(Pesos!$C$5,Tabela11[[Classificação]:[Peso]],2,FALSE)+4*VLOOKUP(Vértices!H4,Tabela8[[Classificação]:[Peso]],2,FALSE)+5*VLOOKUP($D$3,Tabela5[[Fator Chuva]:[Peso]],2,FALSE))/15)*VLOOKUP(Vértices!G4,Tabela7[[Classificação]:[Peso]],2,FALSE)*VLOOKUP(Vértices!H4,Tabela8[[Classificação]:[Peso]],2,FALSE)*VLOOKUP(Vértices!I4,Tabela9[[Classificação]:[Peso]],2,FALSE) -> 104438.13 | L9: =IF(OR(Tabela12[[#This Row],[Vai poder passar?]]="Não",Tabela12[[#This Row],[Via Alagada?]]="Sim",Tabela12[[#This Row],[Criminalidade]]="Via bloqueada"), "Ignorar rota", Tabela12[[#This Row],[Peso]]) -> Ignorar rota
D10: Antigo Fórum | E10: Tribuna de Petrópolis | F10: =Vértices!C5 -> 1640.4942 | G10: =IF($C$2="Caminhão",Vértices!F5,"Sim") -> Sim | H10: =IF(OR($C$3="Sem chuva",$I10=0), "Não",IF($D$3>=Tabela12[[#This Row],[Chuva]],"Sim","Não")) -> Sim | I10: =VLOOKUP(Vértices!E5,Tabela5[],2,) -> 4 | J10: =IF(AND(Vértices!$J5="Sim",OR(Pesos!$D$4="Madrugada",Pesos!$D$4="Noite")),"Via bloqueada", "Via liberada") -> Via liberada | K10: =Tabela12[[#This Row],[Distância (m)]]*((1*VLOOKUP(Vértices!$G5,Tabela7[[Classificação]:[Peso]],2,FALSE)+2*VLOOKUP(Vértices!I5,Tabela9[[Classificação]:[Peso]],2,FALSE)+3*VLOOKUP(Pesos!$C$5,Tabela11[[Classificação]:[Peso]],2,FALSE)+4*VLOOKUP(Vértices!H5,Tabela8[[Classificação]:[Peso]],2,FALSE)+5*VLOOKUP($D$3,Tabela5[[Fator Chuva]:[Peso]],2,FALSE))/15)*VLOOKUP(Vértices!G5,Tabela7[[Classificação]:[Peso]],2,FALSE)*VLOOKUP(Vértices!H5,Tabela8[[Classificação]:[Peso]],2,FALSE)*VLOOKUP(Vértices!I5,Tabela9[[Classificação]:[Peso]],2,FALSE) -> 16678.358 | L10: =IF(OR(Tabela12[[#This Row],[Vai poder passar?]]="Não",Tabela12[[#This Row],[Via Alagada?]]="Sim",Tabela12[[#This Row],[Criminalidade]]="Via bloqueada"), "Ignorar rota", Tabela12[[#This Row],[Peso]]) -> Ignorar rota
D11: Antigo Fórum | E11: Mercado PetroFrutas | F11: =Vértices!C6 -> 1110.7613 | G11: =IF($C$2="Caminhão",Vértices!F6,"Sim") -> Sim | H11: =IF(OR($C$3="Sem chuva",$I11=0), "Não",IF($D$3>=Tabela12[[#This Row],[Chuva]],"Sim","Não")) -> Sim | I11: =VLOOKUP(Vértices!E6,Tabela5[],2,) -> 4 | J11: =IF(AND(Vértices!$J6="Sim",OR(Pesos!$D$4="Madrugada",Pesos!$D$4="Noite")),"Via bloqueada", "Via liberada") -> Via liberada | K11: =Tabela12[[#This Row],[Distância (m)]]*((1*VLOOKUP(Vértices!$G6,Tabela7[[Classificação]:[Peso]],2,FALSE)+2*VLOOKUP(Vértices!I6,Tabela9[[Classificação]:[Peso]],2,FALSE)+3*VLOOKUP(Pesos!$C$5,Tabela11[[Classificação]:[Peso]],2,FALSE)+4*VLOOKUP(Vértices!H6,Tabela8[[Classificação]:[Peso]],2,FALSE)+5*VLOOKUP($D$3,Tabela5[[Fator Chuva]:[Peso]],2,FALSE))/15)*VLOOKUP(Vértices!G6,Tabela7[[Classificação]:[Peso]],2,FALSE)*VLOOKUP(Vértices!H6,Tabela8[[Classificação]:[Peso]],2,FALSE)*VLOOKUP(Vértices!I6,Tabela9[[Classificação]:[Peso]],2,FALSE) -> 11292.74 | L11: =IF(OR(Tabela12[[#This Row],[Vai poder passar?]]="Não",Tabela12[[#This Row],[Via Alagada?]]="Sim",Tabela12[[#This Row],[Criminalidade]]="Via bloqueada"), "Ignorar rota", Tabela12[[#This Row],[Peso]]) -> Ignorar rota
D12: Avenida Barão do Rio Branco | E12: Rua 13 de Maio | F12: =Vértices!C7 -> 12083.426 | G12: =IF($C$2="Caminhão",Vértices!F7,"Sim") -> Sim | H12: =IF(OR($C$3="Sem chuva",$I12=0), "Não",IF($D$3>=Tabela12[[#This Row],[Chuva]],"Sim","Não")) -> Não | I12: =VLOOKUP(Vértices!E7,Tabela5[],2,) -> 0 | J12: =IF(AND(Vértices!$J7="Sim",OR(Pesos!$D$4="Madrugada",Pesos!$D$4="Noite")),"Via bloqueada", "Via liberada") -> Via liberada | K12: =Tabela12[[#This Row],[Distância (m)]]*((1*VLOOKUP(Vértices!$G7,Tabela7[[Classificação]:[Peso]],2,FALSE)+2*VLOOKUP(Vértices!I7,Tabela9[[Classificação]:[Peso]],2,FALSE)+3*VLOOKUP(Pesos!$C$5,Tabela11[[Classificação]:[Peso]],2,FALSE)+4*VLOOKUP(Vértices!H7,Tabela8[[Classificação]:[Peso]],2,FALSE)+5*VLOOKUP($D$3,Tabela5[[Fator Chuva]:[Peso]],2,FALSE))/15)*VLOOKUP(Vértices!G7,Tabela7[[Classificação]:[Peso]],2,FALSE)*VLOOKUP(Vértices!H7,Tabela8[[Classificação]:[Peso]],2,FALSE)*VLOOKUP(Vértices!I7,Tabela9[[Classificação]:[Peso]],2,FALSE) -> 101500.77 | L12: =IF(OR(Tabela12[[#This Row],[Vai poder passar?]]="Não",Tabela12[[#This Row],[Via Alagada?]]="Sim",Tabela12[[#This Row],[Criminalidade]]="Via bloqueada"), "Ignorar rota", Tabela12[[#This Row],[Peso]]) -> 101500.77
D13: Avenida Barão do Rio Branco | E13: Casa Barão de Mauá | F13: =Vértices!C8 -> 6971.4893 | G13: =IF($C$2="Caminhão",Vértices!F8,"Sim") -> Sim | H13: =IF(OR($C$3="Sem chuva",$I13=0), "Não",IF($D$3>=Tabela12[[#This Row],[Chuva]],"Sim","Não")) -> Não | I13: =VLOOKUP(Vértices!E8,Tabela5[],2,) -> 6 | J13: =IF(AND(Vértices!$J8="Sim",OR(Pesos!$D$4="Madrugada",Pesos!$D$4="Noite")),"Via bloqueada", "Via liberada") -> Via liberada | K13: =Tabela12[[#This Row],[Distância (m)]]*((1*VLOOKUP(Vértices!$G8,Tabela7[[Classificação]:[Peso]],2,FALSE)+2*VLOOKUP(Vértices!I8,Tabela9[[Classificação]:[Peso]],2,FALSE)+3*VLOOKUP(Pesos!$C$5,Tabela11[[Classificação]:[Peso]],2,FALSE)+4*VLOOKUP(Vértices!H8,Tabela8[[Classificação]:[Peso]],2,FALSE)+5*VLOOKUP($D$3,Tabela5[[Fator Chuva]:[Peso]],2,FALSE))/15)*VLOOKUP(Vértices!G8,Tabela7[[Classificação]:[Peso]],2,FALSE)*VLOOKUP(Vértices!H8,Tabela8[[Classificação]:[Peso]],2,FALSE)*VLOOKUP(Vértices!I8,Tabela9[[Classificação]:[Peso]],2,FALSE) -> 70876.808 | L13: =IF(OR(Tabela12[[#This Row],[Vai poder passar?]]="Não",Tabela12[[#This Row],[Via Alagada?]]="Sim",Tabela12[[#This Row],[Criminalidade]]="Via bloqueada"), "Ignorar rota", Tabela12[[#This Row],[Peso]]) -> 70876.808
D14: Avenida Ipiranga | E14: Rua 13 de Maio | F14: =Vértices!C9 -> 12508.921 | G14: =IF($C$2="Caminhão",Vértices!F9,"Sim") -> Sim | H14: =IF(OR($C$3="Sem chuva",$I14=0), "Não",IF($D$3>=Tabela12[[#This Row],[Chuva]],"Sim","Não")) -> Não | I14: =VLOOKUP(Vértices!E9,Tabela5[],2,) -> 0 | J14: =IF(AND(Vértices!$J9="Sim",OR(Pesos!$D$4="Madrugada",Pesos!$D$4="Noite")),"Via bloqueada", "Via liberada") -> Via liberada | K14: =Tabela12[[#This Row],[Distância (m)]]*((1*VLOOKUP(Vértices!$G9,Tabela7[[Classificação]:[Peso]],2,FALSE)+2*VLOOKUP(Vértices!I9,Tabela9[[Classificação]:[Peso]],2,FALSE)+3*VLOOKUP(Pesos!$C$5,Tabela11[[Classificação]:[Peso]],2,FALSE)+4*VLOOKUP(Vértices!H9,Tabela8[[Classificação]:[Peso]],2,FALSE)+5*VLOOKUP($D$3,Tabela5[[Fator Chuva]:[Peso]],2,FALSE))/15)*VLOOKUP(Vértices!G9,Tabela7[[Classificação]:[Peso]],2,FALSE)*VLOOKUP(Vértices!H9,Tabela8[[Classificação]:[Peso]],2,FALSE)*VLOOKUP(Vértices!I9,Tabela9[[Classificação]:[Peso]],2,FALSE) -> 127174.03 | L14: =IF(OR(Tabela12[[#This Row],[Vai poder passar?]]="Não",Tabela12[[#This Row],[Via Alagada?]]="Sim",Tabela12[[#This Row],[Criminalidade]]="Via bloqueada"), "Ignorar rota", Tabela12[[#This Row],[Peso]]) -> 127174.03
D15: Avenida Ipiranga | E15: Rua Alberto Torres | F15: =Vértices!C10 -> 53538.014 | G15: =IF($C$2="Caminhão",Vértices!F10,"Sim") -> Sim | H15: =IF(OR($C$3="Sem chuva",$I15=0), "Não",IF($D$3>=Tabela12[[#This Row],[Chuva]],"Sim","Não")) -> Não | I15: =VLOOKUP(Vértices!E10,Tabela5[],2,) -> 0 | J15: =IF(AND(Vértices!$J10="Sim",OR(Pesos!$D$4="Madrugada",Pesos!$D$4="Noite")),"Via bloqueada", "Via liberada") -> Via liberada | K15: =Tabela12[[#This Row],[Distância (m)]]*((1*VLOOKUP(Vértices!$G10,Tabela7[[Classificação]:[Peso]],2,FALSE)+2*VLOOKUP(Vértices!I10,Tabela9[[Classificação]:[Peso]],2,FALSE)+3*VLOOKUP(Pesos!$C$5,Tabela11[[Classificação]:[Peso]],2,FALSE)+4*VLOOKUP(Vértices!H10,Tabela8[[Classificação]:[Peso]],2,FALSE)+5*VLOOKUP($D$3,Tabela5[[Fator Chuva]:[Peso]],2,FALSE))/15)*VLOOKUP(Vértices!G10,Tabela7[[Classificação]:[Peso]],2,FALSE)*VLOOKUP(Vértices!H10,Tabela8[[Classificação]:[Peso]],2,FALSE)*VLOOKUP(Vértices!I10,Tabela9[[Classificação]:[Peso]],2,FALSE) -> 449719.32 | L15: =IF(OR(Tabela12[[#This Row],[Vai poder passar?]]="Não",Tabela12[[#This Row],[Via Alagada?]]="Sim",Tabela12[[#This Row],[Criminalidade]]="Via bloqueada"), "Ignorar rota", Tabela12[[#This Row],[Peso]]) -> 449719.32
D16: Avenida Koeler | E16: Rua da Imperatiz | F16: =Vértices!C11 -> 1331.3165 | G16: =IF($C$2="Caminhão",Vértices!F11,"Sim") -> Sim | H16: =IF(OR($C$3="Sem chuva",$I16=0), "Não",IF($D$3>=Tabela12[[#This Row],[Chuva]],"Sim","Não")) -> Não | I16: =VLOOKUP(Vértices!E11,Tabela5[],2,) -> 6 | J16: =IF(AND(Vértices!$J11="Sim",OR(Pesos!$D$4="Madrugada",Pesos!$D$4="Noite")),"Via bloqueada", "Via liberada") -> Via liberada | K16: =Tabela12[[#This Row],[Distância (m)]]*((1*VLOOKUP(Vértices!$G11,Tabela7[[Classificação]:[Peso]],2,FALSE)+2*VLOOKUP(Vértices!I11,Tabela9[[Classificação]:[Peso]],2,FALSE)+3*VLOOKUP(Pesos!$C$5,Tabela11[[Classificação]:[Peso]],2,FALSE)+4*VLOOKUP(Vértices!H11,Tabela8[[Classificação]:[Peso]],2,FALSE)+5*VLOOKUP($D$3,Tabela5[[Fator Chuva]:[Peso]],2,FALSE))/15)*VLOOKUP(Vértices!G11,Tabela7[[Classificação]:[Peso]],2,FALSE)*VLOOKUP(Vértices!H11,Tabela8[[Classificação]:[Peso]],2,FALSE)*VLOOKUP(Vértices!I11,Tabela9[[Classificação]:[Peso]],2,FALSE) -> 3261.7255 | L16: =IF(OR(Tabela12[[#This Row],[Vai poder passar?]]="Não",Tabela12[[#This Row],[Via Alagada?]]="Sim",Tabela12[[#This Row],[Criminalidade]]="Via bloqueada"), "Ignorar rota", Tabela12[[#This Row],[Peso]]) -> 3261.7255
D17: Avenida Koeler | E17: Restaurante Marowill | F17: =Vértices!C12 -> 16730.877 | G17: =IF($C$2="Caminhão",Vértices!F12,"Sim") -> Sim | H17: =IF(OR($C$3="Sem chuva",$I17=0), "Não",IF($D$3>=Tabela12[[#This Row],[Chuva]],"Sim","Não")) -> Não | I17: =VLOOKUP(Vértices!E12,Tabela5[],2,) -> 6 | J17: =IF(AND(Vértices!$J12="Sim",OR(Pesos!$D$4="Madrugada",Pesos!$D$4="Noite")),"Via bloqueada", "Via liberada") -> Via liberada | K17: =Tabela12[[#This Row],[Distância (m)]]*((1*VLOOKUP(Vértices!$G12,Tabela7[[Classificação]:[Peso]],2,FALSE)+2*VLOOKUP(Vértices!I12,Tabela9[[Classificação]:[Peso]],2,FALSE)+3*VLOOKUP(Pesos!$C$5,Tabela11[[Classificação]:[Peso]],2,FALSE)+4*VLOOKUP(Vértices!H12,Tabela8[[Classificação]:[Peso]],2,FALSE)+5*VLOOKUP($D$3,Tabela5[[Fator Chuva]:[Peso]],2,FALSE))/15)*VLOOKUP(Vértices!G12,Tabela7[[Classificação]:[Peso]],2,FALSE)*VLOOKUP(Vértices!H12,Tabela8[[Classificação]:[Peso]],2,FALSE)*VLOOKUP(Vértices!I12,Tabela9[[Classificação]:[Peso]],2,FALSE) -> 170097.25 | L17: =IF(OR(Tabela12[[#This Row],[Vai poder passar?]]="Não",Tabela12[[#This Row],[Via Alagada?]]="Sim",Tabela12[[#This Row],[Criminalidade]]="Via bloqueada"), "Ignorar rota", Tabela12[[#This Row],[Peso]]) -> 170097.25
D18: Avenida Piabanha | E18: Bairro Mosela | F18: =Vértices!C13 -> 10458.089 | G18: =IF($C$2="Caminhão",Vértices!F13,"Sim") -> Sim | H18: =IF(OR($C$3="Sem chuva",$I18=0), "Não",IF($D$3>=Tabela12[[#This Row],[Chuva]],"Sim","Não")) -> Não | I18: =VLOOKUP(Vértices!E13,Tabela5[],2,) -> 6 | J18: =IF(AND(Vértices!$J13="Sim",OR(Pesos!$D$4="Madrugada",Pesos!$D$4="Noite")),"Via bloqueada", "Via liberada") -> Via liberada | K18: =Tabela12[[#This Row],[Distância (m)]]*((1*VLOOKUP(Vértices!$G13,Tabela7[[Classificação]:[Peso]],2,FALSE)+2*VLOOKUP(Vértices!I13,Tabela9[[Classificação]:[Peso]],2,FALSE)+3*VLOOKUP(Pesos!$C$5,Tabela11[[Classificação]:[Peso]],2,FALSE)+4*VLOOKUP(Vértices!H13,Tabela8[[Classificação]:[Peso]],2,FALSE)+5*VLOOKUP($D$3,Tabela5[[Fator Chuva]:[Peso]],2,FALSE))/15)*VLOOKUP(Vértices!G13,Tabela7[[Classificação]:[Peso]],2,FALSE)*VLOOKUP(Vértices!H13,Tabela8[[Classificação]:[Peso]],2,FALSE)*VLOOKUP(Vértices!I13,Tabela9[[Classificação]:[Peso]],2,FALSE) -> 40002.189 | L18: =IF(OR(Tabela12[[#This Row],[Vai poder passar?]]="Não",Tabela12[[#This Row],[Via Alagada?]]="Sim",Tabela12[[#This Row],[Criminalidade]]="Via bloqueada"), "Ignorar rota", Tabela12[[#This Row],[Peso]]) -> 40002.189
D19: Avenida Portugal | E19: Rua Gonçalves Dias | F19: =Vértices!C14 -> 1290.2361 | G19: =IF($C$2="Caminhão",Vértices!F14,"Sim") -> Sim | H19: =IF(OR($C$3="Sem chuva",$I19=0), "Não",IF($D$3>=Tabela12[[#This Row],[Chuva]],"Sim","Não")) -> Não | I19: =VLOOKUP(Vértices!E14,Tabela5[],2,) -> 0 | J19: =IF(AND(Vértices!$J14="Sim",OR(Pesos!$D$4="Madrugada",Pesos!$D$4="Noite")),"Via bloqueada", "Via liberada") -> Via liberada | K19: =Tabela12[[#This Row],[Distância (m)]]*((1*VLOOKUP(Vértices!$G14,Tabela7[[Classificação]:[Peso]],2,FALSE)+2*VLOOKUP(Vértices!I14,Tabela9[[Classificação]:[Peso]],2,FALSE)+3*VLOOKUP(Pesos!$C$5,Tabela11[[Classificação]:[Peso]],2,FALSE)+4*VLOOKUP(Vértices!H14,Tabela8[[Classificação]:[Peso]],2,FALSE)+5*VLOOKUP($D$3,Tabela5[[Fator Chuva]:[Peso]],2,FALSE))/15)*VLOOKUP(Vértices!G14,Tabela7[[Classificação]:[Peso]],2,FALSE)*VLOOKUP(Vértices!H14,Tabela8[[Classificação]:[Peso]],2,FALSE)*VLOOKUP(Vértices!I14,Tabela9[[Classificação]:[Peso]],2,FALSE) -> 7547.881 | L19: =IF(OR(Tabela12[[#This Row],[Vai poder passar?]]="Não",Tabela12[[#This Row],[Via Alagada?]]="Sim",Tabela12[[#This Row],[Criminalidade]]="Via bloqueada"), "Ignorar rota", Tabela12[[#This Row],[Peso]]) -> 7547.881
... D223: Volkswagen | E223: Duas Pontes | F223: =Vértices!C218 -> 49286.85 | G223: =IF($C$2="Caminhão",Vértices!F218,"Sim") -> Sim | H223: =IF(OR($C$3="Sem chuva",$I223=0), "Não",IF($D$3>=Tabela12[[#This Row],[Chuva]],"Sim","Não")) -> Sim | I223: =VLOOKUP(Vértices!E218,Tabela5[],2,) -> 4 | J223: =IF(AND(Vértices!$J218="Sim",OR(Pesos!$D$4="Madrugada",Pesos!$D$4="Noite")),"Via bloqueada", "Via liberada") -> Via liberada | K223: =Tabela12[[#This Row],[Distância (m)]]*((1*VLOOKUP(Vértices!$G218,Tabela7[[Classificação]:[Peso]],2,FALSE)+2*VLOOKUP(Vértices!I218,Tabela9[[Classificação]:[Peso]],2,FALSE)+3*VLOOKUP(Pesos!$C$5,Tabela11[[Classificação]:[Peso]],2,FALSE)+4*VLOOKUP(Vértices!H218,Tabela8[[Classificação]:[Peso]],2,FALSE)+5*VLOOKUP($D$3,Tabela5[[Fator Chuva]:[Peso]],2,FALSE))/15)*VLOOKUP(Vértices!G218,Tabela7[[Classificação]:[Peso]],2,FALSE)*VLOOKUP(Vértices!H218,Tabela8[[Classificação]:[Peso]],2,FALSE)*VLOOKUP(Vértices!I218,Tabela9[[Classificação]:[Peso]],2,FALSE) -> 763946.17 | L223: =IF(OR(Tabela12[[#This Row],[Vai poder passar?]]="Não",Tabela12[[#This Row],[Via Alagada?]]="Sim",Tabela12[[#This Row],[Criminalidade]]="Via bloqueada"), "Ignorar rota", Tabela12[[#This Row],[Peso]]) -> Ignorar rota

Sheet Nodos
A1: Origem | B1: Destino | C1: ID Origem | D1: ID Destino | E1: Latitude corrigida | F1: Longetude corrigida | G1: Ordem | H1: Rota ID | I1: Direção | J1: Ordem Base | K1: Ordem final
A2: Águas do Imperador | B2: Rua Visconde do Bom Retiro | C2: =VLOOKUP(Tabela13[[#This Row],[Origem]],Tabela1[],2,FALSE) -> 1 | D2: =VLOOKUP(Tabela13[[#This Row],[Destino]],Tabela1[],2,FALSE) -> 97 | E2: 0.0000000000000 | F2: 0.0000000000000 | H2: =IF(A2<B2, A2&"_"&B2, B2&"_"&A2) -> Águas do Imperador_Rua Visconde do Bom Retiro | I2: =IF(A2<B2, 1, -1) -> 1 | J2: =COUNTIFS(H$2:H2, H2)-1 -> 0 | K2: {=IF(I2=1, J2, MAX(IF(H:H=H2, J:J)) - J2 )} -> 0
A3: Águas do Imperador | B3: Rua Caldas Viana | C3: =VLOOKUP(Tabela13[[#This Row],[Origem]],Tabela1[],2,FALSE) -> 1 | D3: =VLOOKUP(Tabela13[[#This Row],[Destino]],Tabela1[],2,FALSE) -> 80 | E3: -22.5121505921226 | F3: -43.1712591648102 | H3: =IF(A3<B3, A3&"_"&B3, B3&"_"&A3) -> Águas do Imperador_Rua Caldas Viana | I3: =IF(A3<B3, 1, -1) -> 1 | J3: =COUNTIFS(H$2:H3, H3)-1 -> 0 | K3: {=IF(I3=1, J3, MAX(IF(H:H=H3, J:J)) - J3 )} -> 0
A4: Águas do Imperador | B4: Rua Caldas Viana | C4: =VLOOKUP(Tabela13[[#This Row],[Origem]],Tabela1[],2,FALSE) -> 1 | D4: =VLOOKUP(Tabela13[[#This Row],[Destino]],Tabela1[],2,FALSE) -> 80 | E4: -22.5116203375656 | F4: -43.1708139181137 | H4: =IF(A4<B4, A4&"_"&B4, B4&"_"&A4) -> Águas do Imperador_Rua Caldas Viana | I4: =IF(A4<B4, 1, -1) -> 1 | J4: =COUNTIFS(H$2:H4, H4)-1 -> 1 | K4: {=IF(I4=1, J4, MAX(IF(H:H=H4, J:J)) - J4 )} -> 1
A5: Águas do Imperador | B5: Rua Caldas Viana | C5: =VLOOKUP(Tabela13[[#This Row],[Origem]],Tabela1[],2,FALSE) -> 1 | D5: =VLOOKUP(Tabela13[[#This Row],[Destino]],Tabela1[],2,FALSE) -> 80 | E5: -22.5116203375656 | F5: -43.1708621978760 | H5: =IF(A5<B5, A5&"_"&B5, B5&"_"&A5) -> Águas do Imperador_Rua Caldas Viana | I5: =IF(A5<B5, 1, -1) -> 1 | J5: =COUNTIFS(H$2:H5, H5)-1 -> 2 | K5: {=IF(I5=1, J5, MAX(IF(H:H=H5, J:J)) - J5 )} -> 2
A6: Águas do Imperador | B6: Rua Caldas Viana | C6: =VLOOKUP(Tabela13[[#This Row],[Origem]],Tabela1[],2,FALSE) -> 1 | D6: =VLOOKUP(Tabela13[[#This Row],[Destino]],Tabela1[],2,FALSE) -> 80 | E6: -22.5105647780475 | F6: -43.1699931621552 | H6: =IF(A6<B6, A6&"_"&B6, B6&"_"&A6) -> Águas do Imperador_Rua Caldas Viana | I6: =IF(A6<B6, 1, -1) -> 1 | J6: =COUNTIFS(H$2:H6, H6)-1 -> 3 | K6: {=IF(I6=1, J6, MAX(IF(H:H=H6, J:J)) - J6 )} -> 3
A7: Águas do Imperador | B7: Rua Caldas Viana | C7: =VLOOKUP(Tabela13[[#This Row],[Origem]],Tabela1[],2,FALSE) -> 1 | D7: =VLOOKUP(Tabela13[[#This Row],[Destino]],Tabela1[],2,FALSE) -> 80 | E7: -22.5100989417064 | F7: -43.1698027253151 | H7: =IF(A7<B7, A7&"_"&B7, B7&"_"&A7) -> Águas do Imperador_Rua Caldas Viana | I7: =IF(A7<B7, 1, -1) -> 1 | J7: =COUNTIFS(H$2:H7, H7)-1 -> 4 | K7: {=IF(I7=1, J7, MAX(IF(H:H=H7, J:J)) - J7 )} -> 4
A8: Águas do Imperador | B8: Rua Caldas Viana | C8: =VLOOKUP(Tabela13[[#This Row],[Origem]],Tabela1[],2,FALSE) -> 1 | D8: =VLOOKUP(Tabela13[[#This Row],[Destino]],Tabela1[],2,FALSE) -> 80 | E8: -22.5097693863256 | F8: -43.1695425510407 | H8: =IF(A8<B8, A8&"_"&B8, B8&"_"&A8) -> Águas do Imperador_Rua Caldas Viana | I8: =IF(A8<B8, 1, -1) -> 1 | J8: =COUNTIFS(H$2:H8, H8)-1 -> 5 | K8: {=IF(I8=1, J8, MAX(IF(H:H=H8, J:J)) - J8 )} -> 5
A9: Águas do Imperador | B9: Rua Caldas Viana | C9: =VLOOKUP(Tabela13[[#This Row],[Origem]],Tabela1[],2,FALSE) -> 1 | D9: =VLOOKUP(Tabela13[[#This Row],[Destino]],Tabela1[],2,FALSE) -> 80 | E9: -22.5091424855757 | F9: -43.1693011522293 | H9: =IF(A9<B9, A9&"_"&B9, B9&"_"&A9) -> Águas do Imperador_Rua Caldas Viana | I9: =IF(A9<B9, 1, -1) -> 1 | J9: =COUNTIFS(H$2:H9, H9)-1 -> 6 | K9: {=IF(I9=1, J9, MAX(IF(H:H=H9, J:J)) - J9 )} -> 6
A10: Antigo Fórum | B10: Tribuna de Petrópolis | C10: =VLOOKUP(Tabela13[[#This Row],[Origem]],Tabela1[],2,FALSE) -> 2 | D10: =VLOOKUP(Tabela13[[#This Row],[Destino]],Tabela1[],2,FALSE) -> 101 | E10: 0.0000000000000 | F10: 0.0000000000000 | H10: =IF(A10<B10, A10&"_"&B10, B10&"_"&A10) -> Antigo Fórum_Tribuna de Petrópolis | I10: =IF(A10<B10, 1, -1) -> 1 | J10: =COUNTIFS(H$2:H10, H10)-1 -> 0 | K10: {=IF(I10=1, J10, MAX(IF(H:H=H10, J:J)) - J10 )} -> 0
A11: Antigo Fórum | B11: Mercado PetroFrutas | C11: =VLOOKUP(Tabela13[[#This Row],[Origem]],Tabela1[],2,FALSE) -> 2 | D11: =VLOOKUP(Tabela13[[#This Row],[Destino]],Tabela1[],2,FALSE) -> 48 | E11: 0.0000000000000 | F11: 0.0000000000000 | H11: =IF(A11<B11, A11&"_"&B11, B11&"_"&A11) -> Antigo Fórum_Mercado PetroFrutas | I11: =IF(A11<B11, 1, -1) -> 1 | J11: =COUNTIFS(H$2:H11, H11)-1 -> 0 | K11: {=IF(I11=1, J11, MAX(IF(H:H=H11, J:J)) - J11 )} -> 0
A12: Avenida Barão do Rio Branco | B12: Rua 13 de Maio | C12: =VLOOKUP(Tabela13[[#This Row],[Origem]],Tabela1[],2,FALSE) -> 3 | D12: =VLOOKUP(Tabela13[[#This Row],[Destino]],Tabela1[],2,FALSE) -> 77 | E12: -22.5045385186758 | F12: -43.1817251443863 | H12: =IF(A12<B12, A12&"_"&B12, B12&"_"&A12) -> Avenida Barão do Rio Branco_Rua 13 de Maio | I12: =IF(A12<B12, 1, -1) -> 1 | J12: =COUNTIFS(H$2:H12, H12)-1 -> 0 | K12: {=IF(I12=1, J12, MAX(IF(H:H=H12, J:J)) - J12 )} -> 0
A13: Avenida Barão do Rio Branco | B13: Rua 13 de Maio | C13: =VLOOKUP(Tabela13[[#This Row],[Origem]],Tabela1[],2,FALSE) -> 3 | D13: =VLOOKUP(Tabela13[[#This Row],[Destino]],Tabela1[],2,FALSE) -> 77 | E13: -22.5052026094760 | F13: -43.1809687614441 | H13: =IF(A13<B13, A13&"_"&B13, B13&"_"&A13) -> Avenida Barão do Rio Branco_Rua 13 de Maio | I13: =IF(A13<B13, 1, -1) -> 1 | J13: =COUNTIFS(H$2:H13, H13)-1 -> 1 | K13: {=IF(I13=1, J13, MAX(IF(H:H=H13, J:J)) - J13 )} -> 1
... A874: Volkswagen | B874: Duas Pontes | C874: =VLOOKUP(Tabela13[[#This Row],[Origem]],Tabela1[],2,FALSE) -> 107 | D874: =VLOOKUP(Tabela13[[#This Row],[Destino]],Tabela1[],2,FALSE) -> 31 | E874: -22.5280027771193 | F874: -43.1958013772964 | H874: =IF(A874<B874, A874&"_"&B874, B874&"_"&A874) -> Duas Pontes_Volkswagen | I874: =IF(A874<B874, 1, -1) -> -1 | J874: =COUNTIFS(H$2:H874, H874)-1 -> 21 | K874: {=IF(I874=1, J874, MAX(IF(H:H=H874, J:J)) - J874 )} -> 0

Sheet Planilha2
B1: -22.5336836504613 | C1: -43.1995001435280
B2: -22.5340800393564 | C2: -43.1986713409424 | H2: {"lat": -22.5340800393564 | I2: "lon": -43.1986713409424}
B3: -22.5342361171716 | C3: -43.1981080770493 | H3: {"lat": -22.5342361171716 | I3: "lon": -43.1981080770493}
B4: -22.5345334077602 | C4: -43.1977728009224 | H4: {"lat": -22.5345334077602 | I4: "lon": -43.1977728009224}
B5: -22.5347093043904 | C5: -43.1968823075295 | H5: {"lat": -22.5347093043904 | I5: "lon": -43.1968823075295}
B6: -22.5343005301868 | C6: -43.1961768865585 | H6: {"lat": -22.5343005301868 | I6: "lon": -43.1961768865585}
B7: -22.5337654057640 | C7: -43.1953829526901 | H7: {"lat": -22.5337654057640 | I7: "lon": -43.1953829526901}
B8: -22.5328660947718 | C8: -43.1945756077766 | H8: {"lat": -22.5328660947718 | I8: "lon": -43.1945756077766}
